{
  "name": "Start event",
  "form": "678f2b18-9d01-45ae-b073-0bb3cf5668d6",
  "blocks": [
    {
      "id": "a5dd2d86-361c-40f8-8f32-093deab0bce2",
      "label": "Created",
      "environment": "HOSTED",
      "presentation": "{\"w\":60,\"x\":170,\"h\":60,\"y\":468}",
      "stepType": "SWITCH",
      "inputMappings": [
        {
          "inputPort": "input",
          "mapping": "${triggerOutputSTATUS.statusChanged.auditType}"
        }
      ],
      "switchCases": [
        {
          "caseId": "579f1f71-6077-425e-921c-2ec95871b561",
          "caseValue": "EVENT_CREATED"
        }
      ]
    },
    {
      "id": "1b64dbcd-6cea-43b4-b7bd-3d02f4d3f37a",
      "endpoint": "xMatters",
      "label": "Get a Group",
      "environment": "HOSTED",
      "presentation": "{\"w\":60,\"x\":170,\"h\":60,\"y\":149}",
      "step": "65781cf9-d1e2-4c09-afb5-c8600c219f37",
      "stepType": "SCRIPT_STEP",
      "inputMappings": [
        {
          "inputPort": "input",
          "mapping": "${4a6a7aa7-e10d-4591-a6ea-e60e61d2c335.groupID}",
          "stepInput": "59601b2b-a443-486a-b298-de7b5664f74b"
        }
      ]
    },
    {
      "id": "bed3b6c4-cc9f-4b99-99c9-a13f036b5170",
      "endpoint": "xMatters",
      "label": "Get a Groups Supervisors",
      "environment": "HOSTED",
      "presentation": "{\"w\":60,\"x\":680,\"h\":60,\"y\":149}",
      "step": "ba652e8e-74fc-45a2-9729-cdcb5bf90743",
      "stepType": "SCRIPT_STEP",
      "inputMappings": [
        {
          "inputPort": "input",
          "mapping": "${4a6a7aa7-e10d-4591-a6ea-e60e61d2c335.groupID}",
          "stepInput": "1501cdc8-059e-4145-8624-c5d7b7406bd6"
        }
      ]
    },
    {
      "id": "d8c99ee4-ecdf-4d51-9fd1-a3c85abdaf52",
      "endpoint": "xMatters",
      "label": "Get a List of Groups - Loop through",
      "environment": "HOSTED",
      "presentation": "{\"w\":60,\"x\":340,\"h\":60,\"y\":603}",
      "step": "0da9e8e6-5cea-4526-826d-7b59787fab95",
      "stepType": "SCRIPT_STEP",
      "inputMappings": [
        {
          "inputPort": "input",
          "mapping": "${event.properties.groupName}",
          "stepInput": "daeffbfd-9a22-4bc7-b03f-81ef865bd533"
        },
        {
          "inputPort": "input",
          "mapping": "${constants.HTTP Trigger Path}",
          "stepInput": "3fbdf42e-d3c4-41d4-a105-0218b2cc5378"
        }
      ]
    },
    {
      "id": "8d9f7bbf-31e1-436e-abe5-ecce86de4ad4",
      "endpoint": "xMatters",
      "label": "Get the Group Roster",
      "environment": "HOSTED",
      "presentation": "{\"w\":60,\"x\":340,\"h\":60,\"y\":149}",
      "step": "cc48be60-4298-4de3-9bef-c924693fa7bb",
      "stepType": "SCRIPT_STEP",
      "inputMappings": [
        {
          "inputPort": "input",
          "mapping": "${1b64dbcd-6cea-43b4-b7bd-3d02f4d3f37a.id}",
          "stepInput": "dda96e33-fe27-4426-af46-36adfbc1fc36"
        }
      ]
    },
    {
      "id": "1f87e848-c198-4a94-ae95-0d5ffb3de4a6",
      "label": "Roster count",
      "environment": "HOSTED",
      "presentation": "{\"w\":60,\"x\":510,\"h\":60,\"y\":0}",
      "stepType": "SWITCH",
      "inputMappings": [
        {
          "inputPort": "input",
          "mapping": "${8d9f7bbf-31e1-436e-abe5-ecce86de4ad4.count}"
        }
      ],
      "switchCases": [
        {
          "caseId": "5469038c-24a0-479a-9a51-155472fac6bb",
          "caseValue": "0"
        }
      ]
    },
    {
      "id": "179f03b0-3266-4c7b-b7fb-d4f1bc5431e9",
      "label": "Start event - Event Status Updates",
      "environment": "HOSTED",
      "presentation": "{\"w\":60,\"x\":-19,\"h\":60,\"y\":453}",
      "step": "3d19f349-a77f-4db3-b4d4-5bbb0a321ea7",
      "stepType": "INTEGRATION"
    },
    {
      "id": "4a6a7aa7-e10d-4591-a6ea-e60e61d2c335",
      "label": "Start event - Trigger notify for incomplete group",
      "environment": "HOSTED",
      "presentation": "{\"w\":60,\"x\":0,\"h\":60,\"y\":149}",
      "step": "eac66756-63e1-4ace-812e-9e39e48028b4",
      "stepType": "INTEGRATION"
    },
    {
      "id": "c799e740-4c6f-4399-9da6-5c22fa20825d",
      "label": "xMatters Create Event - Notify supervisors",
      "environment": "HOSTED",
      "presentation": "{\"w\":60,\"x\":850,\"h\":60,\"y\":149}",
      "step": "13cdefcf-b1da-4765-bc43-c66e3a2394e2",
      "stepType": "CREATE_EVENT",
      "inputMappings": [
        {
          "inputPort": "input",
          "mapping": "You are receiving this notice because a Group you supervise in xMatters is incomplete. Please take some time to review and correct.",
          "sectionItemKey": "243173c1-0c7c-4e38-9b5a-e3ed706b8d9a"
        },
        {
          "inputPort": "input",
          "mapping": "${1b64dbcd-6cea-43b4-b7bd-3d02f4d3f37a.targetName}",
          "sectionItemKey": "7ad1117c-6b54-4bee-8467-dc030fa6a911"
        },
        {
          "inputPort": "input",
          "mapping": "${bed3b6c4-cc9f-4b99-99c9-a13f036b5170.groupSupervisors}",
          "sectionItemKey": "recipients"
        }
      ]
    }
  ],
  "edges": [
    {
      "fromBlock": "8d9f7bbf-31e1-436e-abe5-ecce86de4ad4",
      "fromPort": "output",
      "toBlock": "1f87e848-c198-4a94-ae95-0d5ffb3de4a6",
      "toPort": "input"
    },
    {
      "fromBlock": "a5dd2d86-361c-40f8-8f32-093deab0bce2",
      "fromPort": "579f1f71-6077-425e-921c-2ec95871b561",
      "toBlock": "d8c99ee4-ecdf-4d51-9fd1-a3c85abdaf52",
      "toPort": "input"
    },
    {
      "fromBlock": "bed3b6c4-cc9f-4b99-99c9-a13f036b5170",
      "fromPort": "output",
      "toBlock": "c799e740-4c6f-4399-9da6-5c22fa20825d",
      "toPort": "input"
    },
    {
      "fromBlock": "179f03b0-3266-4c7b-b7fb-d4f1bc5431e9",
      "fromPort": "output",
      "toBlock": "a5dd2d86-361c-40f8-8f32-093deab0bce2",
      "toPort": "input"
    },
    {
      "fromBlock": "1b64dbcd-6cea-43b4-b7bd-3d02f4d3f37a",
      "fromPort": "output",
      "toBlock": "8d9f7bbf-31e1-436e-abe5-ecce86de4ad4",
      "toPort": "input"
    },
    {
      "fromBlock": "1f87e848-c198-4a94-ae95-0d5ffb3de4a6",
      "fromPort": "5469038c-24a0-479a-9a51-155472fac6bb",
      "toBlock": "bed3b6c4-cc9f-4b99-99c9-a13f036b5170",
      "toPort": "input"
    },
    {
      "fromBlock": "4a6a7aa7-e10d-4591-a6ea-e60e61d2c335",
      "fromPort": "output",
      "toBlock": "1b64dbcd-6cea-43b4-b7bd-3d02f4d3f37a",
      "toPort": "input"
    }
  ]
}