{
  "integrations": [
    {
      "id": "3d19f349-a77f-4db3-b4d4-5bbb0a321ea7",
      "name": "Start event - Event Status Updates",
      "action": "RUN_SCRIPT",
      "type": "OUTBOUND_WEBHOOK",
      "triggeredBy": "STATUS",
      "deployed": true,
      "form": "678f2b18-9d01-45ae-b073-0bb3cf5668d6",
      "environment": "HOSTED",
      "authType": "NONE",
      "createdBy": "FLOW"
    },
    {
      "id": "eac66756-63e1-4ace-812e-9e39e48028b4",
      "name": "Start event - Trigger notify for incomplete group",
      "action": "RUN_SCRIPT",
      "type": "INBOUND_WEBHOOK",
      "deployed": true,
      "form": "678f2b18-9d01-45ae-b073-0bb3cf5668d6",
      "environment": "HOSTED",
      "authType": "URL",
      "createdBy": "FLOW",
      "integrationScriptStepUuid": "b049c58f-1e01-4715-814f-4e82a0a1a63d"
    }
  ],
  "endpoints": [],
  "constants": [
    {
      "name": "HTTP Trigger Path",
      "value": "/api/integration/1/functions/eac66756-63e1-4ace-812e-9e39e48028b4/triggers?apiKey=8d9ab6b9-24c9-4e95-8242-134de0af6b53",
      "description": "This is the PATH portion of the HTTP trigger step. Include the API_KEY if needed. /api/integration/1/functions/UUID/triggers?apiKey=API_KEY"
    }
  ]
}