[
  {
    "id": "65781cf9-d1e2-4c09-afb5-c8600c219f37",
    "name": "Get a Group",
    "description": "",
    "icon": "http://s3-xmatters-static.s3.amazonaws.com/null/customers/99cee7bb-651f-4a52-b7fe-3a9af00d22f9/IMAGE__20190416201112495__(x)RGB-150-ppi.png",
    "script": "\nvar apiRequest = http.request({\n    'endpoint': 'xMatters',\n    'path': '/api/xm/1/groups/' + input['groupID'],\n    'method': 'GET'\n});\n\nvar apiResponse = apiRequest.write();\n\noutput['statusCode'] = apiResponse.statusCode;    \n\nif (apiResponse.statusCode == 200) {\n\n    var response = JSON.parse(apiResponse.body);\n    output['id']                = response.id;\n    output['targetName']        = response.targetName;\n    output['status']            = response.status;\n    output['externallyOwned']   = response.externallyOwned;\n    output['allowDuplicates']   = response.allowDuplicates;\n    output['useDefaultDevices'] = response.useDefaultDevices;\n    output['observedByAll']     = response.observedByAll;\n    output['description']       = response.description;\n    \n   if (typeof response.site !== 'undefined') {\n     output['siteID'] = response.site.id;\n   }\n}",
    "endpointLabel": "xMatters",
    "allowedEnvironment": "HOSTED",
    "accessibleByAll": "NotShared",
    "scriptStepType": "USER",
    "inputs": [
      {
        "id": "59601b2b-a443-486a-b298-de7b5664f74b",
        "name": "groupID",
        "helpText": "The unique identifier (id) or name (targetName) of the group. If you use the name to identify the group, it must be URL-encoded. Example: Oracle%20Administrators Example: 438e9245-b32d-445f-916bd3e07932c892",
        "defaultValue": "",
        "multiline": false,
        "required": true,
        "validationRegex": "",
        "maxLength": 2000,
        "minLength": 0,
        "position": 0
      }
    ],
    "outputs": [
      {
        "id": "4d3c5ff2-afb7-4d12-888c-5b612e9fa989",
        "name": "id",
        "description": "",
        "position": 0
      },
      {
        "id": "824b75c4-56aa-4733-9fa1-2216313218cc",
        "name": "targetName",
        "description": "",
        "position": 1
      },
      {
        "id": "6979feae-a994-4322-9ef5-774743fd7cf6",
        "name": "status",
        "description": "",
        "position": 2
      },
      {
        "id": "73c3f858-0abd-4f48-b70f-2a642392ad90",
        "name": "externallyOwned",
        "description": "",
        "position": 3
      },
      {
        "id": "35de9fc9-c950-4100-9475-7013bdcfcd3d",
        "name": "allowDuplicates",
        "description": "",
        "position": 4
      },
      {
        "id": "2d3e12af-6147-4db2-864a-2e088c70ced0",
        "name": "useDefaultDevices",
        "description": "",
        "position": 5
      },
      {
        "id": "153a56c2-a211-4f49-ac48-521c02305d53",
        "name": "observedByAll",
        "description": "",
        "position": 6
      },
      {
        "id": "84aa9d5d-264f-4983-98d2-8dc0e2c743af",
        "name": "description",
        "description": "",
        "position": 7
      },
      {
        "id": "369c1331-2d6d-491d-97aa-e12efd95603b",
        "name": "site",
        "description": "",
        "position": 8
      },
      {
        "id": "bbe9aa9e-9954-4bea-8fa0-e7e3e3485415",
        "name": "statusCode",
        "description": "",
        "position": 9
      }
    ],
    "libraries": []
  },
  {
    "id": "ba652e8e-74fc-45a2-9729-cdcb5bf90743",
    "name": "Get a Groups Supervisors - xMatters Rest API Flow Steps-ORIGINAL",
    "description": "Adds loop to get all group supervisors",
    "icon": "http://s3-xmatters-static.s3.amazonaws.com/null/customers/8d580702-986e-4de3-873d-3a75b8073b42/IMAGE__20190509202204028__xmatters.png",
    "script": "var apiRequest = http.request({\r\n    'endpoint': 'xMatters',\r\n    'path': '/api/xm/1/groups/' + input['groupID'] + '/supervisors',\r\n    'method': 'GET'\r\n});\r\nvar apiResponse = apiRequest.write();\r\n console.log (\"Response is:\"           +apiResponse.statusCode  );\r\n\r\noutput['statusCode'] = apiResponse.statusCode;   \r\n\r\n\r\nvar response = JSON.parse(apiResponse.body);\r\noutput['count'] = response.count;\r\noutput['total'] = response.total;\r\n\r\nconsole.log (\"Sup count is:\"      + response.count  );   \r\nif (apiResponse.statusCode == 200) {\r\n\r\n   if \t(response.count > 0 ) {\r\n      var sups = '';\r\n      for (i = 0; i <response.count; i++) {    //loop for supervisors in that group\r\n         sups  +=  response.data[i].targetName + \",\";\r\n         console.log (\"Group Sup is:\" + sups);\r\n      }\r\n   \t\r\n   }\t\r\n   \r\n   supers = sups.slice(0, -1);\r\n   console.log (\"Group Sups are:\" + supers);\r\n   output['groupSupervisors'] = supers;\r\n   \r\n}",
    "endpointLabel": "xMatters",
    "allowedEnvironment": "HOSTED",
    "accessibleByAll": "NotShared",
    "scriptStepType": "USER",
    "inputs": [
      {
        "id": "1501cdc8-059e-4145-8624-c5d7b7406bd6",
        "name": "groupID",
        "helpText": "The unique identifier (id) or name (targetName) of the group.",
        "defaultValue": "",
        "multiline": false,
        "required": false,
        "validationRegex": "",
        "maxLength": 2000,
        "minLength": 0,
        "position": 0
      }
    ],
    "outputs": [
      {
        "id": "0ea5b5a5-edb5-4f7b-9fd8-a14248228f21",
        "name": "statusCode",
        "description": "",
        "position": 0
      },
      {
        "id": "83332517-7b20-449b-a374-9826004a373c",
        "name": "groupSupervisors",
        "description": "",
        "position": 1
      },
      {
        "id": "28a42c85-e9e3-42e4-bd29-e09a8245c8d3",
        "name": "count",
        "description": "",
        "position": 2
      },
      {
        "id": "2ef90db5-e7de-4b80-9a28-7f10867ed4b4",
        "name": "total",
        "description": "",
        "position": 3
      },
      {
        "id": "7134ab36-1217-4958-8dcf-95cc74ece747",
        "name": "self",
        "description": "",
        "position": 4
      },
      {
        "id": "e7af7d25-a407-4154-a73e-66347be0705b",
        "name": "next",
        "description": "",
        "position": 5
      }
    ],
    "libraries": []
  },
  {
    "id": "0da9e8e6-5cea-4526-826d-7b59787fab95",
    "name": "Get a List of Groups - Loop through",
    "description": "Get a list of groups and for each one trigger the http path specified.",
    "icon": "http://s3-xmatters-static.s3.amazonaws.com/null/customers/8d580702-986e-4de3-873d-3a75b8073b42/IMAGE__20190509202204028__xmatters.png",
    "script": "\r\n// input groups comma separated\r\nvar groupList = input['groupID'];\r\nconsole.log (\"Original group list:\" + groupList);\r\n\r\n// splits the comma separated list of groups into array\r\n\r\nvar str = groupList.replace(/, /g, \",\");\r\nconsole.log (\"Group list after replace\" +str);\r\nvar GroupArray = str.split(\",\");\r\nvar GroupCount = GroupArray.length;\r\nconsole.log(\"Group count:\" + GroupCount);\r\n\r\n\r\nfor (k = 0; k < GroupCount; k++) {   // loop for the number of groups\r\n\r\n   console.log(\"Group= \" + GroupArray[k]);\r\n   console.log(\"Encoded Group= \" + encodeURIComponent( GroupArray[k] ) );\r\n   \r\n   // Send each group to the trigger\r\n   \r\n   var payload = {\r\n      \"groupID\": encodeURIComponent(GroupArray[k])\r\n   };\r\n   \r\n   console.log( 'Response payload: ' + JSON.stringify( payload ) );\r\n\r\n\r\n   var req = http.request({\r\n      method: 'POST',\r\n      endpoint: 'xMatters',\r\n      path: input['path'],\r\n      headers: {\r\n         'Content-Type': 'application/json'\r\n      }\r\n   });\r\n   \r\n   req.write( payload );\r\n   \r\n}",
    "endpointLabel": "xMatters",
    "allowedEnvironment": "HOSTED",
    "accessibleByAll": "NotShared",
    "scriptStepType": "USER",
    "inputs": [
      {
        "id": "daeffbfd-9a22-4bc7-b03f-81ef865bd533",
        "name": "groupID",
        "helpText": "The unique identifier (id) or name (targetName) of the group. If you use the name to identify the group, it must be URL-encoded. Example: Oracle%20Administrators Example: 438e9245-b32d-445f-916bd3e07932c892",
        "defaultValue": "",
        "multiline": false,
        "required": true,
        "validationRegex": "",
        "maxLength": 2000,
        "minLength": 0,
        "position": 0
      },
      {
        "id": "3fbdf42e-d3c4-41d4-a105-0218b2cc5378",
        "name": "path",
        "helpText": "The path of the HTTP trigger to fire to.",
        "defaultValue": "",
        "multiline": false,
        "required": true,
        "maxLength": 2000,
        "minLength": 0,
        "position": 1
      }
    ],
    "outputs": [
      {
        "id": "c9748173-837e-4e7b-a238-2a56d63d3d36",
        "name": "id",
        "description": "",
        "position": 0
      },
      {
        "id": "4ddedaae-9fcf-41ef-8b4b-bf3887180f36",
        "name": "targetName",
        "description": "",
        "position": 1
      },
      {
        "id": "29707b29-e139-4974-96f7-ea09cc2dc122",
        "name": "status",
        "description": "",
        "position": 2
      },
      {
        "id": "0852ee57-e09f-43f4-8a75-494b98a71876",
        "name": "externallyOwned",
        "description": "",
        "position": 3
      },
      {
        "id": "fb156073-e347-49ce-80cb-053cb83b219b",
        "name": "allowDuplicates",
        "description": "",
        "position": 4
      },
      {
        "id": "a26fa9a8-e620-46f0-8495-ffb2b08618e5",
        "name": "useDefaultDevices",
        "description": "",
        "position": 5
      },
      {
        "id": "7090754b-5e33-46d1-8ca0-26a251d6eb46",
        "name": "observedByAll",
        "description": "",
        "position": 6
      },
      {
        "id": "6b16fb2a-0825-4e13-981a-50c033f1c944",
        "name": "description",
        "description": "",
        "position": 7
      },
      {
        "id": "2e687948-ca25-4da5-8a4c-58ef7b6aee05",
        "name": "site",
        "description": "",
        "position": 8
      },
      {
        "id": "f9a913bf-087d-4599-abf5-a7b86f9232cf",
        "name": "statusCode",
        "description": "",
        "position": 9
      }
    ],
    "libraries": []
  },
  {
    "id": "cc48be60-4298-4de3-9bef-c924693fa7bb",
    "name": "Get the Group Roster - xMatters Rest API Flow Steps",
    "description": "",
    "icon": "http://s3-xmatters-static.s3.amazonaws.com/null/customers/8d580702-986e-4de3-873d-3a75b8073b42/IMAGE__20190509202204028__xmatters.png",
    "script": "var apiRequest = http.request({\n    'endpoint': 'xMatters',\n    'path': '/api/xm/1/groups/' + input['groupID'] + '/members?embed=shifts',\n    'method': 'GET'\n});\nvar apiResponse = apiRequest.write();\n\noutput['statusCode'] = apiResponse.statusCode;   \n\nif (apiResponse.statusCode == 200) {\n    \n    var response = JSON.parse(apiResponse.body);\n    output['count'] = response.count;\n    output['total'] = response.total;\n    output['self'] = response.links.self;\n    output['next'] = response.links.next;\n    \n    output['groupRoster'] = response.data;\n}",
    "endpointLabel": "xMatters",
    "allowedEnvironment": "HOSTED",
    "accessibleByAll": "NotShared",
    "scriptStepType": "USER",
    "inputs": [
      {
        "id": "dda96e33-fe27-4426-af46-36adfbc1fc36",
        "name": "groupID",
        "helpText": "The unique identifier (id) or name (targetName) of the group.",
        "defaultValue": "",
        "multiline": false,
        "required": true,
        "validationRegex": "",
        "maxLength": 2000,
        "minLength": 0,
        "position": 0
      }
    ],
    "outputs": [
      {
        "id": "71113fe9-ff42-4d26-aaad-bec8a675341e",
        "name": "statusCode",
        "description": "",
        "position": 0
      },
      {
        "id": "536201b3-afe6-49c7-af62-48aa063bd8c5",
        "name": "count",
        "description": "",
        "position": 1
      },
      {
        "id": "02e4dd2c-2d4c-4fe9-8a0d-b53d5df6df3a",
        "name": "total",
        "description": "",
        "position": 2
      },
      {
        "id": "f209f820-7ff1-4b7e-bcdf-a1732e8fe757",
        "name": "groupRoster",
        "description": "",
        "position": 3
      },
      {
        "id": "48c9fc8c-9042-4f9c-9005-143d24777d9e",
        "name": "self",
        "description": "",
        "position": 4
      },
      {
        "id": "14fac7c5-699c-4cf2-9d16-62a919bb093e",
        "name": "next",
        "description": "",
        "position": 5
      }
    ],
    "libraries": []
  },
  {
    "id": "b049c58f-1e01-4715-814f-4e82a0a1a63d",
    "name": "Trigger notify for incomplete group",
    "description": "Trigger notify for incomplete group",
    "icon": "/static/images/script_steps/http-trigger.png",
    "script": "/******************************************************************************\n* Custom HTTP Triggers\n*\n* Using an HTTP trigger lets you start a flow with a simple HTTP call.\n*\n* Each HTTP trigger is authenticated independently, which allows you to use it\n* without storing the login credentials of your xMatters account in an\n* external system.\n*\n* When you create a new HTTP trigger, the script only brings what is included in the payload.\n* This means properties from the form are not available as outputs. You need to map properties\n* from the request to the trigger outputs to use these properties in steps in your flow.\n*\n* The following sample code shows how to parse the payload from an incoming HTTP\n* request, then extract information from the payload and map it to outputs.\n* You can use it as a template and then customize it to work with your integration.\n*\n* For help creating HTTP triggers, see https://help.xmatters.com/ondemand/#cshid=FlowTriggersHTTP\n*/\n \n/**\n* Parse incoming data\n*\n* Typically, data is passed into an HTTP trigger as XML or JSON in the request\n* body, but you can represent the data in another format or include it as a query\n* parameter appended to the URL.\n*\n* The script's built-in request object enables you to access elements of the\n* request, including the payload contained in the request body and any URL\n* parameters. The following code snippets show how to retrieve these values.\n* Choose the option that matches how your system includes data in the request to\n* the HTTP trigger.\n*/\n//var payload = JSON.parse(request.body);  //Use this if the payload is a JSON object in the request body\n//var payload = JXON.parse(request.body);  //Use this if the payload is XML in the request body\n//var payload = request.parameters;        //Use this if the payload is in a query parameter\n \n/******************************************************************************\n* This example shows how to read a ticket number and summary from an incoming JSON\n* payload and map the information to the Ticket ID and Ticket Title outputs of the trigger.\n*\n* The ticket number and summary are passed to the HTTP trigger as a JSON object in the\n* request body.\n*\n* To run this example, uncomment the sample code and run the provided cURL command\n* to target the trigger, including ticket number and summary values in the JSON payload.\n* (Replace 'username' with your user name and the provided URL with the\n* URL from the HTTP trigger's Settings tab.)\n*\n* curl -H \"Content-Type: application/json\" -- user username -X POST -d\n* '{\n*    \"ticket number\" : \"1072128190001\",\n*    \"summary\": \"Web App registration is down\"\n* }' \"https://acmeco.xmatters.com/api/integrations/1/functions/1dc...fe0/triggers\"\n******************************************************************************/\n \n/**\n* Parse the request body (which contains a JSON object) and extract the payload data.\n*/\nvar payload = JSON.parse(request.body);\noutput.groupID = payload.groupID;\n//output['Ticket ID'] = payload['ticket number'];\n \n/**\n* Logging\n* To write messages to the Activity Stream, use console.log().\n*/\nconsole.log('Group id' + output.groupID);",
    "endpointLabel": "",
    "allowedEnvironment": "HOSTED",
    "accessibleByAll": "NotShared",
    "triggerAuthType": "URL_AUTH",
    "scriptStepType": "CUSTOM_HTTP",
    "inputs": [],
    "outputs": [
      {
        "id": "2c08a19c-17ff-4dfd-b0bf-5c55a0e69f2e",
        "name": "groupID",
        "description": "",
        "position": 0
      }
    ],
    "libraries": []
  }
]