[
  {
    "baseType": 3,
    "name": "groupName",
    "defaultValue": "",
    "description": "",
    "helpText": "Comma separated list of groups (case sensitive).\n\nDO NOT PUT A SPACE AFTER THE COMMA!",
    "isSystem": false,
    "minLength": 0,
    "maxLength": 300,
    "validationRegex": "",
    "isValidate": false,
    "uuid": "7ad1117c-6b54-4bee-8467-dc030fa6a911"
  },
  {
    "baseType": 3,
    "name": "Notice",
    "defaultValue": "You are receiving this notice because a Group you supervise in xMatters is incomplete. Please take some time to review and complete.",
    "description": "",
    "helpText": "",
    "isSystem": false,
    "minLength": 0,
    "maxLength": 300,
    "validationRegex": "",
    "isValidate": false,
    "uuid": "243173c1-0c7c-4e38-9b5a-e3ed706b8d9a"
  }
]